change,comapnyName,ltp,new52WHL,pChange,prev52WHL,prevClose,prevHLDate,series,symbol
1.78,Aarey Drugs & Pharmaceuticals Limited,104.5,107.85,1.732866043613707,103.99,102.72,22-Sep-2026,EQ,AAREYDRUGS
-12.41,Adroit Industries (India) Limited,235.98,258.8,-4.9961753693788,248.39,248.39,30-Sep-2026,BE,ADROITIND
6.25,Agarwal Toughened Glass India Limited,172,175.55,3.770739064856712,172.8,165.75,10-Oct-2025,SM,AGARWALTUF
-3.25,Akanksha Power and Infrastructure Limited,170,176,-1.875901875901876,175.6,173.25,30-Sep-2026,SM,AKANKSHA
0,A-One Steels India Limited,455,470,0,0,405,-,EQ,AONESTEELS
108.6,Augmont Enterprises Limited,1195.2,1195.2,9.99447818884594,1138.5,1086.55,30-Sep-2026,EQ,AUGMONT
80.7,AXISCADES Technologies Limited,2311.9,2349.6,3.616887773395482,2274.1,2231.2,30-Sep-2026,EQ,AXISCADES
7,Bhadora Industries Limited,147.25,147.25,4.991087344028521,140.25,140.25,30-Sep-2026,ST,BHADORA
-24.95,Bhageria Industries Limited,381.5,415.8,-6.138516422684217,413.5,406.45,30-Sep-2026,EQ,BHAGERIA
73.3,BOSCH HOME COMFORT INDIA LIMITED,1950,1985,3.905792081845793,1979,1876.7,30-Sep-2026,EQ,BOSCH-HCIL
0.15,Cupid Limited,311.8,314.3,0.048130916091769615,312,311.65,30-Sep-2026,EQ,CUPID
91.2,D. P. Abhushan Limited,1880,1924.4,5.098389982110913,1815.7,1788.8,30-Sep-2026,EQ,DPABHUSHAN
0.51,DS Kulkarni Developers Limited,26.07,26.07,1.9953051643192488,25.56,25.56,30-Sep-2026,BE,DSKULKARNI
189,Dynamatic Technologies Limited,13800,13996,1.38858276394093,13650,13611,30-Sep-2026,EQ,DYNAMATECH
-4,Forcas Studio Limited,240,249.95,-1.639344262295082,248.95,244,03-Sep-2026,ST,FORCAS
4.25,Gretex Corporate Services Limited,680.1,684,0.6288377598579566,682.5,675.85,30-Sep-2026,EQ,GCSL
16.15,Grover Jewells Limited,464,470.2,3.6061181199062187,447.85,447.85,30-Sep-2026,ST,GJL
15.6,Gujarat Kidney And Super Speciality Limited,194.65,209.8,8.712650097738061,186.99,179.05,21-Sep-2026,EQ,GKSL
4.8,Global Pet Industries Limited,179,179,2.7554535017221586,175,174.2,30-Sep-2026,SM,GLOBALPET
0.6,Goldstar Power Limited,12.85,12.85,4.8979591836734695,12.25,12.25,30-Sep-2026,SM,GOLDSTAR
4.4,Harsha Engineers International Limited,474.7,484.8,0.9355730384860728,476.8,470.3,21-Sep-2026,EQ,HARSHA
0.58,HDFC Nifty 1D Rate Liquid ETF - Growth,1080.63,1083.65,0.05370121753622518,1080.86,1080.05,29-Sep-2026,EQ,HDFCLIQUID
15.25,Hero Motors Limited,167.8,167.8,9.996722386102917,155.85,152.55,28-Sep-2026,EQ,HEROMOTORS
23.55,Infinium Pharmachem Limited,315,317.4,8.080288214101904,293.15,291.45,30-Sep-2026,SM,INFINIUM
64.3,Investment & Precision Castings Limited,1601,1602,4.184291013210125,1560,1536.7,30-Sep-2026,BE,INVPRECQ
-0.77,Invesco Mutual Fund - Invesco India BSE Sensex ETF,72,79.9,-1.0581283495946132,79.2,72.77,28-Aug-2026,EQ,IVZSENSEX
8.03,Jindal Supreme (India) Limited,168.82,168.82,4.994091672367684,160.79,160.79,30-Sep-2026,BE,JSIPL
14.15,Karamtara Engineering Limited,409.5,429.35,3.5791071202731755,395.35,395.35,30-Sep-2026,EQ,KARAMTARA
0,Kataria Industries Limited,161,161,0,161,161,30-Sep-2026,SM,KATARIA
67.5,Kingfa Science & Technology (India) Limited,6550,6628,1.041264944080216,6601,6482.5,30-Sep-2026,EQ,KINGFA
2.2,OnEMI Technology Solutions Limited,371.75,386.25,0.5953186307671492,373,369.55,18-Sep-2026,EQ,KISSHT
0.56,K M C Speciality Hospitals (India) Limited,171.7,178.6,0.32721748276265045,177.79,171.14,28-Sep-2026,EQ,KMCSHIL
4.1,Lalithaa Jewellery Mart Limited,386,395,1.073579471065724,393.75,381.9,30-Sep-2026,EQ,LALITHAA
0.59,Kotak Mahindra Mutual Fund - Kotak Nifty 1D Rate Liquid ETF,1125.41,1147.32,0.05245283689834818,1147.04,1124.82,29-Sep-2026,EQ,LIQUID1
0.07,Zerodha Fund House - Zerodha Nifty 1D Rate Liquid ETF,116.22,116.22,0.060266896254842876,116.16,116.15,30-Sep-2026,EQ,LIQUIDCASE
0.58,Shriram Mutual Fund -SHRIRAM NIFTY 1D RATE LIQUID ETF,1124.13,1124.13,0.051622090694673134,1123.56,1123.55,30-Sep-2026,EQ,LIQUIDSHRI
32.1,Lokesh Machines Limited,398,411.45,8.772888767422794,385.8,365.9,03-Sep-2026,EQ,LOKESHMACH
7.47,Sri Lotus Developers and Realty Limited,232,235.75,3.326949628112056,226,224.53,24-Sep-2026,BE,LOTUSDEV
1.8,Lead Reclaim And Rubber Products Limited,110,113.6,1.6635859519408502,108.2,108.2,30-Sep-2026,SM,LRRPL
34.5,Macpower CNC Machines Limited,2130.5,2234.7,1.6459923664122138,2226,2096,28-Sep-2026,EQ,MACPOWER
-15.15,Mazda Limited,288.15,310,-4.995054401582592,308,303.3,06-Oct-2025,BE,MAZDA
9.65,Mcnally Bharat Engineering Company Limited,494,494,1.9923608960462476,484.32,484.32,30-Sep-2026,BE,MBECL
0.43,Motilal Oswal Mutual Fund - Motilal Oswal 5 Year G Sec ETF - Growth,65.18,67.45,0.6640926640926641,67.33,64.75,03-Aug-2026,EQ,MOGSEC
0,Moneyview Limited,55,62,0,0,34,-,EQ,MONEYVIEW
7.61,Morepen Laboratories Limited,133.6,135.29,6.040161917612509,128.1,125.99,30-Sep-2026,EQ,MOREPENLAB
6.06,OCCL Limited,193.5,195.5,3.23303457106274,187.44,187.44,30-Sep-2026,BE,OCCLLTD
1.42,Onelife Capital Advisors Limited,41.5,42,3.5429141716566868,40.5,40.08,30-Sep-2026,BE,ONELIFECAP
0.81,One Point One Solutions Limited,74.2,74.5,1.1036926011718218,74.4,73.39,30-Sep-2026,EQ,ONEPOINT
0.05,Party Cruisers Ltd-RE,0.2,0.2,33.333333333333336,0.15,0.15,30-Sep-2026,ST,PARTY-RE
-2.1,Pooja Logistics Limited,121.8,124.8,-1.694915254237288,123.9,123.9,30-Sep-2026,ST,POOJALOGIS
-0.85,Premium Plast Limited,45.05,48.2,-1.8518518518518519,46,45.9,30-Sep-2026,SM,PREMIUM
34.6,Ram Ratna Wires Limited,617,620,5.940934065934066,602.45,582.4,28-Aug-2026,EQ,RAMRAT
14.25,Ratnaveer Precision Engineering Limited,345,354.5,4.308390022675737,344.4,330.75,30-Sep-2026,EQ,RATNAVEER
5.1,RFBL Flexi Pack Limited,107.1,107.1,5,104.7,102,08-Jul-2026,ST,RFBL
25.8,Rossell Techsys Limited,1529,1536.8,1.716338477913784,1525,1503.2,30-Sep-2026,EQ,ROSSTECH
22.7,Sahasra Electronic Solutions Limited,477.05,477.05,4.996148343787829,472.75,454.35,29-Sep-2026,SM,SAHASRA
0.84,S.A.L. Steel Limited,99.9,102.4,0.8479709267110842,101.53,99.06,30-Sep-2026,EQ,SALSTEEL
0.31,SBC Exports Limited,58.6,59.5,0.5318236404185966,59.5,58.29,30-Sep-2026,EQ,SBC
-1.58,Shekhawati Industries Limited,30.1,33.26,-4.987373737373737,31.68,31.68,30-Sep-2026,BE,SHEKHAWATI
16.8,Shilpa Medicare Limited,1064,1095,1.6042780748663101,1075,1047.2,30-Sep-2026,EQ,SHILPAMED
-5.65,Shiv Aum Steels Limited,551.5,559.5,-1.0140895629543212,559.1,557.15,30-Sep-2026,EQ,SHIVAUM
5.15,Shreeji Shipping Global Limited,775.55,780,0.6684839044652129,774,770.4,30-Sep-2026,EQ,SHREEJISPG
-0.09,Shukra Pharmaceuticals Limited,62,65.4,-0.1449508777580931,63.36,62.09,30-Sep-2026,EQ,SHUKRAPHAR
51.2,SIGMA ADVANCED SYSTEMS LIMITED,1076.9,1076.9,4.991712976503851,1025.7,1025.7,30-Sep-2026,BE,SIGMAADV
20.9,Spectrum Electrical Industries Limited,3867,3980,0.5434076077065079,3879.8,3846.1,30-Sep-2026,BE,SPECTRUM
-17.6,Steel Strips Wheels Limited,390.5,419.8,-4.3126684636118595,413.75,408.1,30-Sep-2026,EQ,SSWL
45.45,Sterlite Technologies Limited,955.35,955.35,4.995054401582592,912,909.9,15-Sep-2026,BE,STLTECH
-13.6,Swaraj Suiting Limited,375,395,-3.4997426659804427,391.85,388.6,30-Sep-2026,BE,SWARAJ
10.5,Swastika Infra Limited,220.5,220.5,5,210,210,30-Sep-2026,BE,SWASTIKAIN
20.5,Symbiotec Pharmalab Limited,1197.3,1246,1.7420122365737594,1196.8,1176.75,30-Sep-2026,EQ,SYMBIOTEC
-62.9,Syrma SGS Technology Limited,1720,1822.6,-3.5279600650625387,1820,1782.9,30-Sep-2026,EQ,SYRMA
2.15,Teamtech Formwork Solutions Limited,146,146.45,1.494612443517553,143.85,143.85,30-Sep-2026,ST,TEAMTECH
-0.48,United Polyfab Gujarat Limited,46.99,48,-1.0111649462818622,48,47.47,03-Oct-2025,EQ,UNITEDPOLY
29.6,Utssav CZ Gold Jewels Limited,779.8,780,3.9456145027992537,758,750.2,30-Sep-2026,SM,UTSSAV
1.09,U. Y. Fincorp Limited,22.89,22.89,5,22.34,21.8,07-Aug-2026,BE,UYFINCORP
14.95,Valiant Organics Limited,470.05,480.6,3.2849923093825533,467,455.1,30-Sep-2026,EQ,VALIANTORG
109.3,Veljan Denison Limited,2296.1,2296.1,4.998170843241266,2186.8,2186.8,30-Sep-2026,BE,VELJAN
11.67,Welspun Living Limited,239,244.89,5.133506356398188,233,227.33,23-Sep-2026,EQ,WELSPUNLIV
