symbol,companyName,volume,week1AvgVolume,week1volChange,week2AvgVolume,week2volChange,ltp,pChange,turnover
NIRLON,Nirlon Limited,2331734,4276,545.2754165448699,4161,560.2885062074489,605,0,41.03766
PIXTRANS,Pix Transmissions Limited,1455118,369320,3.9399897514420075,169363,8.591683111675607,1774.8,2.77,26828.4471
WHBRADY,WH Brady & Company Limited,207,52,3.924170616113744,158,1.3027972027972028,465,-5.3,0.96495
NEXT30ADD,DSP Mutual Fund - DSP BSE SENSEX Next 30 ETF,607124,155896,3.8944167906809666,71121,8.536427462216487,40.17,-1.4,241.57463
GKSL,Gujarat Kidney And Super Speciality Limited,34935174,9101681,3.838320969546148,4614573,7.570618993349981,194.65,8.71,69433.65832
TARIL,Transformers And Rectifiers (India) Limited,57280414,14950085,3.831444035268027,7091645,8.077167824996213,284,5.15,165523.21233
PACEDIGITK,Pace Digitek Limited,22773380,6022606,3.78131627892342,6009237,3.789728975395546,167,4.39,39042.68267
MTNL,Mahanagar Telephone Nigam Limited,44121423,11800314,3.7390041485336747,5577687,7.910343388628983,24.39,6.18,11145.07144
RVTH,Revathi Equipment India Limited,43662,11723,3.7242349930696235,5639,7.742404539543681,779,16.3,335.00106
KREBSBIO,Krebs Biochemicals and Industries Limited,610828,167772,3.6408112175714136,77113,7.921160887062495,65.6,8.97,411.33157
HDFCNIMEG,HDFC Mutual Fund - HDFC Nifty Metal ETF,47592,13369,3.559877328147206,8764,5.43039707895938,127.5,-0.39,59.11878
LOKESHMACH,Lokesh Machines Limited,991506,282473,3.510085016824587,147145,6.738251455660406,398,8.77,3919.02661
FEDDERSHOL,Fedders Holding Limited,61090409,17543243,3.4822756618848114,22791999,2.6803444928196076,63.85,3.8,39922.58228
MOGSEC,Motilal Oswal Mutual Fund - Motilal Oswal 5 Year G Sec ETF - Growth,1381426,403059,3.427352182092335,186922,7.390387434330897,65.18,0.66,897.23618
SMLT,Sarthak Metals Limited,112524,33204,3.388792266166738,17559,6.408134855349414,74.18,19.99,81.82745
HILINFRA,Highway Infrastructure Limited,1172963,347548,3.3749596279658607,188192,6.232781081787979,45,5.26,534.63653
ASPINWALL,Aspinwall and Company Limited,23169,6906,3.3549087749782798,4712,4.916556634914647,240.1,-0.72,55.77473
HYBRIDFIN,Hybrid Financial Services Limited,95433,28516,3.3466474961425163,15069,6.332881105990784,17.3,-3.57,16.69123
LEMONTREE,Lemon Tree Hotels Limited,32197118,9696181,3.3205978725025864,5597501,5.752051639546961,107.25,2.88,35181.79083
CHOICEGOLD,Choice Mutual Fund - Choice Gold ETF,97326,29744,3.272067104842912,18920,5.144050128904575,145.66,0.08,141.50227
SUNLOC,Sunil Healthcare Limited,1432,442,3.2343308865047997,312,4.586068855084068,70.1,1.89,1.03361
BNAGROCHEM,BN Agrochem Limited,434945,134585,3.231737445712948,60233,7.2209750194612825,228.48,5,984.01956
ABSLMSCIN,Aditya Birla Sun Life MF- Aditya Birla Sun Life MSCI India ETF,1273,395,3.222784810126582,272,4.666802443991854,27.68,-2.29,0.34931
MMWL,Media Matrix Worldwide Limited,428810,133627,3.2090011580721747,94860,4.5204141273702865,15.56,4.99,66.67995
QUALITY30,Kotak Mahindra Mutual Fund - Kotak Nifty200 Quality 30 ETF,46429,14507,3.2003446493193177,10081,4.60539164361368,19.8,2.06,8.90972
