category,symbol,series,open_price,high_price,low_price,ltp,prev_price,net_price,trade_quantity,turnover,market_type,ca_ex_dt,ca_purpose,perChange
gainers,SMLT,EQ,67,74.18,66,74.18,61.82,19.99,112524,81.8274528,N,11-Jul-2025,Dividend - Re 0.50 Per Share,19.99
gainers,XELPMOC,EQ,79.55,95,79.55,94.5,80.24,17.77,244539,223.7776389,N,-,-,17.77
gainers,RVTH,EQ,698.9,803.75,680,779,669.8,16.3,43662,335.00106120000004,N,-,-,16.3
gainers,MOLBIO,EQ,1313,1564.3,1312.1,1507,1308.9,15.13,8751936,128431.1600256,N,-,-,15.13
gainers,THOMASCOTT,EQ,267.35,316.95,264.65,302,267.35,12.96,725256,2170.32858,N,20-Sep-2024,Annual General Meeting,12.96
gainers,EUROTEXIND,EQ,15.5,15.73,15.5,15.73,14.3,10,30574,4.800117999999999,N,12-Sep-2024,Annual General Meeting,10
gainers,HEROMOTORS,EQ,159.99,167.8,159.03,167.8,152.55,10,87174697,143114.7000649,N,-,-,10
gainers,GTECJAINX,EQ,35.88,35.88,35.88,35.88,32.62,9.99,8844,3.1732272,N,22-Jul-2024,Annual General Meeting,9.99
gainers,AUGMONT,EQ,1105,1195.2,1105,1195.2,1086.55,9.99,2504499,29546.5765026,N,-,-,10
gainers,RETAIL,EQ,34.93,34.93,34.93,34.93,31.76,9.98,35473,12.3907189,N,-,-,9.98
gainers,LGHL,EQ,204.04,224.82,200.15,219,200.04,9.48,148758,323.0875002,N,10-Oct-2025,Bonus 7:5,9.48
gainers,LANDSMILL,EQ,0.96,1.05,0.87,1.05,0.96,9.38,35042099,329.3957306,N,02-Aug-2024,Annual General Meeting,9.38
gainers,VIVIANA,EQ,685,787.75,685,770,704.35,9.32,140440,1055.139764,N,22-Sep-2026,Dividend - Re 1 Per Sh,9.32
gainers,KREBSBIO,EQ,60.5,71.75,59,65.6,60.2,8.97,610828,411.33157520000003,N,20-Sep-2023,Annual General Meeting,8.97
gainers,LOKESHMACH,EQ,366.2,411.45,360.15,398,365.9,8.77,991506,3919.0266156000002,N,20-Sep-2024,Annual General Meeting,8.77
gainers,GKSL,EQ,180.1,209.8,180,194.65,179.05,8.71,34935174,69433.658325,N,-,-,8.71
gainers,SHBAJRG,EQ,161.95,183,160,172,159.79,7.64,42622,74.460634,N,-,-,7.64
gainers,MOM50,EQ,236.92,254.9,233.15,254.9,236.92,7.59,20224,47.41314559999999,N,16-Oct-2014,Face Value Split From Rs.10/- To Rs.7/-,7.59
gainers,OMNI,EQ,560,614,560,606.45,564.05,7.52,2667824,15929.3103216,N,-,-,7.52
gainers,ELEVATE,EQ,315,353,312.25,345,322.95,6.83,15447430,52525.896229,N,-,-,6.83
losers,SUPREMEINF,EQ,75.9,75.9,65.5,66,73.9,-10.69,282079,192.34967010000003,N,21-Sep-2023,Annual General Meeting,-10.69
losers,TNTELE,EQ,11.56,11.56,11.56,11.56,12.84,-9.97,37038,4.2815928,N,20-Sep-2024,Annual General Meeting,-9.97
losers,HBESD,EQ,65.26,69.56,60.26,65.01,71.63,-9.24,1078,0.7126658,N,-,-,-9.24
losers,GLOTTIS,EQ,62.87,62.87,57.22,57.22,62.88,-9,80507,47.821158,N,-,-,-9
losers,ARMEE,EQ,280,288.25,258.5,273.5,300,-8.83,7738466,21290.0676592,N,-,-,-8.83
losers,TURTLEMINT,EQ,76.02,76.4,69.25,69.71,76.44,-8.8,2761679,1976.5336603,N,-,-,-8.8
losers,DELTACORP,EQ,81.55,82.99,72,73.68,80.51,-8.48,31237756,24081.1861004,N,17-Aug-2026,Dividend - Re 0.50 Per Share,-8.48
losers,SSDL,EQ,74.11,74.51,68.12,69.5,75.81,-8.32,175616,123.3175552,N,30-Sep-2026,Interim Dividend - Rs 3 Per Share,-8.32
losers,NIITMTS,EQ,204.51,207.69,185,187.95,204.51,-8.1,870142,1683.72477,N,20-Aug-2026,Dividend - Rs 3.25 Per Share,-8.1
losers,LEXUS,EQ,11.97,11.97,9.58,10.81,11.76,-8.08,173028,18.0295176,N,22-Oct-2024,Extra Ordinary General Meeting,-8.08
losers,SGIL,EQ,640.05,657.95,602.1,613.3,666.2,-7.94,18436,115.1088532,N,17-Sep-2025,Dividend - Re 1 Per Share,-7.94
losers,POLICYBZR,EQ,1050,1058.4,963.9,980,1063.9,-7.89,14061779,140328.1173526,N,-,-,-7.89
losers,WILLAMAGOR,EQ,23.4,23.4,20.53,21.19,22.99,-7.83,10397,2.2280770999999997,N,18-Sep-2019,Annual General Meeting,-7.83
losers,BAJAJ-AUTO,EQ,10701,10714,9900,10045,10874,-7.62,1491300,151003.52019,N,24-Jun-2026,Buy Back,-7.62
losers,MUNJALAU,EQ,110.76,110.76,102.58,104.3,112.86,-7.58,1200123,1281.2513148,N,20-Aug-2026,Dividend - Re 1 Per Share,-7.58
losers,ELIN,EQ,86.9,86.9,78.31,79.78,86.3,-7.56,424406,343.7264194,N,22-Sep-2023,Dividend - Re 1 Per Share,-7.56
losers,NOIDATOLL,EQ,3.87,3.87,3.47,3.56,3.85,-7.53,317389,11.3942651,N,10-Sep-2024,Annual General Meeting,-7.53
losers,ESSARSHPNG,EQ,19.5,19.88,16.9,17.5,18.89,-7.36,1584604,285.0702596,N,23-Sep-2024,Annual General Meeting,-7.36
losers,MODTHREAD,EQ,48.64,48.64,45.02,45.15,48.64,-7.18,2556,1.2023424,N,23-Sep-2024,Annual General Meeting,-7.18
losers,HALDER,EQ,252,258.8,227.6,228.1,245.75,-7.18,1811,4.4159424,N,-,-,-7.18
